id,mention weight
ben van,66
sam harris,60
rick rosato,53
craig weinrib,24
peter schlamb,13
mark turner,12
matt brewer,23
joe sanders,11
victor gould,6
billy buss,5
troy roberts,3
alexander claffy,2
john davis,1
ben wendel,10
taylor eigsti,2
justin brown,4
ben street,4
marcus gilmore,1
dayna stephens,13
lage lund,14
zach ostroff,4
aaron parks,14
ross gallagher,2
jonathan kreisberg,10
henry hey,7
matt penman,5
mark ferber,2
steve lyman,4
gavin fallow,3
nir felder,5
melissa aldana,25
philip dizack,9
pablo menares,8
tommy crane,8
bill stewart,1
kendrick scott,1
logan richardson,25
matt stevens,4
gilad hekselman,21
joe dyson,1
jesse lewis,3
daryl johns,2
jimmy macbride,3
mike moreno,10
harish raghavan,9
jure pukl,16
charles altura,15
hans glawischnig,4
rodney green,2
alex lore,4
ziv ravitz,1
remy le,11
linda oh,2
rudy royston,1
shawn baltazor,4
jon irabagon,3
sean conly,1
kenneth salters,5
tivon pennicott,6
eden ladin,2
will vinson,10
clarence penn,2
ari hoenig,10
kyle nasser,6
greg ward,5
jeff miles,4
dov manski,3
allan mednard,1
itamar borochov,4
rob clearfield,3
jay sawyer,1
jonathan pinson,4
glenn zaleski,14
colin stranahan,2
shai maestro,4
roxy coss,16
miki yamanaka,7
alex wintz,12
luis perdomo,3
kush abadey,1
rafal sarnecki,6
lucas pino,5
bogna kicinska,4
jerad lippi,1
yotam silberstein,4
aaron goldberg,3
ofri nehemya,1
jonathan saraga,5
chris pattishall,4
aki ishiguro,3
john ellis,10
mike rodriguez,17
gary versace,6
mark shim,9
ben monder,4
peter bernstein,2
john raymond,4
dan tepfer,3
joe martin,2
dezron douglas,2
jeremy pelt,1
dwayne burno,2
